id,Manufacturer,model,yearOfManufacture,color,numberPlate,milage
1,Chrysler,Cirrus,1995,Teal,2C3CK3CV6AH666586,76677
2,Smart,Fortwo,2009,Yellow,1FTEX1CM5DF454024,62678
3,Plymouth,Grand Voyager,1995,Turquoise,1NXBU4EE8AZ275307,2926
4,Jeep,Wrangler,2007,Crimson,2G4WS52J631210355,97321
5,Dodge,Magnum,2007,Green,WAUKH98EX7A995782,4043
6,Mazda,CX-9,2012,Maroon,KNAGM4AD2F5010713,38581
7,Toyota,Matrix,2007,Aquamarine,KMHTC6AD4EU834681,16204
8,Pontiac,Aztek,2004,Yellow,WA1WKAFP0AA237950,61961
9,Chevrolet,Caprice,1992,Turquoise,WAUSF98E26A418491,99930
10,Toyota,Prius v,2012,Blue,1N6AD0CU2DN529723,96600
11,Toyota,Echo,2003,Mauv,5NPDH4AE6BH579481,65306
12,Jeep,Comanche,1992,Teal,2G4GS5EKXC9630548,53614
13,Mercedes-Benz,M-Class,2009,Goldenrod,WBABN534X2P814122,1594
14,Ford,Excursion,2005,Red,KNAFU6A29C5005459,87291
15,Audi,S4,2007,Green,2T1BURHEXEC838258,57523
16,Cadillac,Escalade,2004,Purple,1YVHZ8BH9C5817009,37714
17,Nissan,GT-R,2011,Puce,1G4GC5EG1AF608760,10615
18,Nissan,Armada,2011,Fuscia,KMHD35LH6FU209697,58475
19,Volkswagen,Corrado,1993,Blue,1G4HR54K91U189657,75348
20,Kia,Sportage,1999,Indigo,WAULT54B33N858984,30770
21,Cadillac,XLR,2006,Orange,3FA6P0LU0DR588532,16069
22,Nissan,Maxima,1993,Aquamarine,5FRYD4H25EB774255,50138
23,Nissan,Maxima,1994,Pink,JHMZE2H31CS091368,33728
24,Pontiac,Grand Am,1993,Violet,JH4CU2E68BC198546,31582
25,Plymouth,Grand Voyager,1997,Green,KMHTC6AD3EU094928,78342
26,Mitsubishi,3000GT,1994,Khaki,1G4PS5SK1D4333628,22010
27,Land Rover,Defender 110,1993,Aquamarine,WDDGF5EB5AF860226,12933
28,Maybach,62,2007,Blue,WAUAF98E77A177315,1874
29,Volvo,S40,2011,Violet,SCBBB7ZH8EC729604,38396
30,GMC,Savana 2500,2006,Blue,1FMHK7B86BG130182,87499
31,Acura,RDX,2009,Red,WAUSF98K79A931021,5997
32,Mitsubishi,Diamante,1993,Fuscia,5N1AN0NW4DN799109,65954
33,GMC,Sierra 3500,2010,Mauv,JH4CU2E66BC906616,73080
34,Mazda,Miata MX-5,2003,Aquamarine,1D4PU7GX9BW611694,90716
35,Honda,Prelude,1997,Purple,1N6AA0CC8BN842269,33606
36,Mazda,B2000,1985,Goldenrod,1GKUKFDJ2AR767755,87646
37,Volkswagen,New Beetle,1999,Pink,WVGAV3AX5DW711629,65693
38,Lincoln,Town Car,1998,Goldenrod,1GD12YEG7FF223091,70581
39,Maybach,57,2009,Turquoise,3VW4T7AT9DM324686,22437
40,Chevrolet,Blazer,1996,Maroon,5GAKVDED5CJ099329,38242
41,Scion,xB,2006,Red,5N1AA0NC3EN938374,14002
42,Subaru,Loyale,1993,Purple,3D4PH6FV4AT103040,69259
43,Chevrolet,Corvette,1953,Puce,SALCP2BG6FH524304,11200
44,Mazda,B-Series,2007,Mauv,WAUAF48H09K200427,21528
45,Maserati,GranTurismo,2008,Blue,WAUJC58E75A359451,42429
46,Mazda,Mazda3,2004,Goldenrod,JN1BJ0HR3DM367372,6167
47,Honda,CR-V,2001,Teal,KMHTC6ADXCU223289,65790
48,BMW,M,2000,Crimson,WBAEV33455K176915,30510
49,Nissan,Maxima,2000,Turquoise,1N6AD0CU9FN939924,70246
50,Ford,Ranger,1998,Blue,1N6AD0CW1FN088901,44622
51,Jaguar,XJ Series,1993,Pink,1FTWX3A52AE050594,38018
52,Ford,Explorer,2003,Turquoise,YV1902FH7D1503311,38334
53,Infiniti,M,1992,Aquamarine,2D4RN3DG0BR170128,37676
54,Suzuki,Grand Vitara,2008,Turquoise,1G6DM8E37D0655563,33074
55,Mitsubishi,Outlander,2003,Mauv,5LMJJ2JT9FE735649,88881
56,Audi,A6,2002,Aquamarine,JTHBL5EF7F5745672,27745
57,Honda,Insight,2003,Puce,JN1AZ4EH3DM699108,74304
58,Pontiac,Firebird,1995,Mauv,1D7RW2GK1BS386918,24219
59,Kia,Optima,2007,Goldenrod,1G6AH5R33F0057019,18044
60,Jaguar,XJ,2012,Blue,2C3CCAFJ1CH701757,25349
61,Land Rover,Defender,1997,Violet,WBA3N3C50FF801148,20963
62,BMW,5 Series,2006,Yellow,1G6YV34A855867376,9088
63,Saab,9000,1991,Violet,2T1BURHE6FC784555,5563
64,Dodge,Grand Caravan,2008,Indigo,WBAKC8C57AC946714,13463
65,Land Rover,Freelander,2004,Teal,5J6TF1H30DL901948,65034
66,Pontiac,Firebird,1993,Red,3C4PDCBB2FT856141,34508
67,Mitsubishi,Endeavor,2006,Aquamarine,4F2CY0C70BK100315,86504
68,Oldsmobile,Silhouette,2004,Indigo,JN1AZ4FH5FM661896,81591
69,Buick,Park Avenue,1999,Pink,WA1VMAFE3DD462340,41073
70,MINI,Cooper,2003,Violet,TRUUT28N321535718,40112
71,Mercedes-Benz,E-Class,1988,Orange,WBA3N3C50FF078076,24559
72,Aston Martin,V8 Vantage,2007,Turquoise,SALFR2BN6AH828943,89297
73,Mitsubishi,Precis,1993,Goldenrod,3D7TT2CT5AG090111,54328
74,Mercedes-Benz,E-Class,1997,Pink,3VWAL7AJ0AM037511,49162
75,Subaru,SVX,1995,Green,5TFBY5F14BX061196,84428
76,Audi,TT,2000,Red,WAUHF98P39A115526,49474
77,GMC,Sierra 3500,2004,Yellow,WBA5M2C52ED488796,34592
78,Mazda,B-Series,1987,Indigo,1G4GD5ER7CF111259,61440
79,Nissan,350Z,2009,Goldenrod,4A4AP3AU7DE319559,18462
80,Dodge,Charger,2012,Blue,SAJWA4DCXFM152728,2713
81,Volkswagen,Touareg,2004,Red,JTEBU5JR2D5095916,28947
82,Suzuki,Swift,2005,Red,WBA8Z5C5XFG849238,35413
83,Land Rover,Discovery,1998,Blue,WA1CGBFEXED730158,37014
84,Mercury,Grand Marquis,2010,Puce,3FAHP0CG7BR354629,81020
85,Toyota,Celica,1999,Aquamarine,SCFBF04B27G230726,1623
86,GMC,Acadia,2009,Teal,JN8AZ2KR4BT892566,61577
87,Volkswagen,Golf,1999,Green,WA1EY94L97D031980,49119
88,Mercury,Cougar,1999,Red,ML32A3HJ2FH768841,87170
89,Chrysler,LeBaron,1992,Orange,2FMGK5C84FB502940,92232
90,Subaru,Legacy,2001,Green,2V4RW3D10AR303948,9689
91,Suzuki,Swift,1987,Pink,WAUKF78EX7A692253,65078
92,Mercedes-Benz,E-Class,1985,Green,WA1CFAFP1FA849329,21502
93,Acura,ZDX,2010,Purple,2B3CM5CT9BH665452,23992
94,GMC,Sonoma,2003,Goldenrod,KL4CJASB8FB046701,52629
95,Honda,CR-V,1999,Indigo,2C4RDGCG5CR584502,7999
96,Ford,Mustang,1964,Red,WDDGF4HB6DA700492,84867
97,Volvo,960,1992,Purple,1G6DA1E34E0920876,9590
98,Honda,Fit,2009,Yellow,1G6DS1E3XC0599002,57945
99,Oldsmobile,Cutlass Supreme,1994,Turquoise,1D7RV1CT9AS485321,60720
100,Kia,Sedona,2007,Orange,WBAEW534X5P078331,18016
101,Pontiac,Firefly,1990,Indigo,KNADH4A3XA6552952,27483
102,Mercedes-Benz,G-Class,2008,Red,WAUPL68E64A505966,19159
103,Saturn,Astra,2009,Yellow,JN8AF5MR1FT393110,65749
104,Land Rover,Range Rover Sport,2010,Maroon,1B3CB3HAXAD249083,67649
105,Lamborghini,Diablo,1991,Blue,WAUYP64B41N893546,98960
106,Ford,Windstar,2003,Orange,WAUDFAFL0AN500927,52959
107,Mazda,B-Series,1995,Red,WAULT54B84N134452,39788
108,Mitsubishi,Tredia,1988,Turquoise,WAUKFBFL3EN468963,28666
109,Chevrolet,Express 2500,2005,Orange,WAUFFBFL7CA377636,15038
110,Acura,Integra,1997,Yellow,2HNYD18261H884861,68414
111,Buick,Terraza,2007,Puce,WA1DMAFP3FA922467,91567
112,Acura,TL,2008,Khaki,WA1LFBFP1BA438691,98055
113,Buick,Coachbuilder,1992,Blue,WBAET37463N025898,38416
114,GMC,Savana 2500,2010,Aquamarine,WAUMFAFL0AA905726,47759
115,Volkswagen,Passat,2005,Pink,3GYFNEE39CS913195,72151
116,Mercury,Sable,2002,Orange,1C4RDJEG1CC786448,23283
117,Ford,E150,2010,Teal,JN1AV7AR9FM812557,50419
118,Plymouth,Breeze,1999,Violet,WBA3B9C58EF195382,11680
119,Nissan,370Z,2011,Goldenrod,WAUWFAFRXBA153063,15872
120,Lincoln,Aviator,2005,Crimson,WBAKE5C56CJ257111,61025
121,Ford,E250,2010,Aquamarine,1G6DH5EG4A0251301,25239
122,Honda,Civic,1989,Teal,1C3CDFCB3ED471369,96835
123,Buick,Rendezvous,2005,Aquamarine,19UUA66296A758224,1279
124,Toyota,Celica,2001,Turquoise,3D4PG6FV9AT041265,37225
125,Acura,Legend,1992,Khaki,KMHTC6ADXFU055058,97303
126,Pontiac,Grand Am,2003,Red,5FRYD4H22GB980426,44503
127,Ford,Explorer Sport Trac,2005,Teal,5UMBT93537L758480,39707
128,Jeep,Liberty,2002,Mauv,1GYS4KEF3ER732173,74889
129,Citroën,SM,1972,Violet,WAUWFAFL6AA790820,32314
130,Toyota,MR2,2003,Fuscia,1C3BCBEB3EN376647,63611
131,Buick,LeSabre,1991,Red,WAULT64B62N224797,45967
132,Audi,S5,2008,Goldenrod,2G4WY55JX11452752,50228
133,GMC,Acadia,2009,Green,1GYS4LKJ0FR037410,85618
134,Infiniti,Q,1996,Crimson,WAUPEAFM6BA784971,18043
135,Acura,CL,2001,Mauv,WAUDF78E27A742586,95419
136,BMW,7 Series,1995,Aquamarine,WAUWFAFR3EA787691,87685
137,Mercury,Mountaineer,2009,Violet,WA1YD54B75N049068,98174
138,Ferrari,F430,2009,Mauv,WAUGL78E47A866302,17566
139,Chevrolet,Impala,2012,Mauv,4T1BK1EB8FU489165,80407
140,Nissan,GT-R,2009,Yellow,3GTU1YEJ6BG319917,49965
141,Nissan,240SX,1994,Crimson,WA1BY74L48D973332,35616
142,Dodge,Ram Van B350,1992,Indigo,SCFAB42391K099552,14316
143,Infiniti,J,1994,Mauv,KNDMA5C18F6620424,60128
144,Ferrari,F430,2007,Turquoise,YV4612HK0F1041916,76000
145,Nissan,Armada,2005,Fuscia,WAU4GAFB8BN301789,25098
146,Honda,CR-V,2007,Fuscia,KNAFK4A6XF5325391,64924
147,Mercury,Mystique,1998,Green,1FTEW1C87FK065210,66185
148,Porsche,Boxster,2006,Aquamarine,4USDU534X7L409238,78998
149,Lexus,LX,2010,Puce,WBAEW53463P864270,12636
150,Chevrolet,Corvette,1993,Purple,JN1CV6EK1CM932736,47238
151,BMW,M3,2004,Aquamarine,JTHBK1EG0B2416473,82627
152,Volkswagen,Golf,1988,Aquamarine,19XFB4F26DE613631,81241
153,Dodge,Dynasty,1993,Orange,1GYS3EEJ0BR783814,46250
154,Audi,S8,2002,Goldenrod,5UXFH0C53BL421544,81336
155,Chevrolet,Metro,1999,Teal,WBAUP9C55DV188397,99278
156,Dodge,D250,1992,Purple,WVGAV7AX7FW958600,89285
157,Mazda,929,1989,Violet,WVWAB7AJ0CW769890,4742
158,Toyota,Highlander,2006,Turquoise,WBA3V7C53F5294369,27960
159,Land Rover,Freelander,2004,Red,WDDDJ7CB3BA827806,37310
160,Isuzu,Ascender,2009,Fuscia,1D7RB1CT0BS305251,43585
161,Saab,9-7X,2006,Fuscia,5UXWX9C54F0882024,39878
162,Buick,Skyhawk,1985,Turquoise,SCFFDABM3DG927349,93270
163,Pontiac,Firefly,1991,Teal,1FTNF2B57AE314738,89068
164,Audi,5000S,1986,Red,JN8AF5MR7ET478659,78199
165,Subaru,Forester,2004,Orange,4T3BA3BB2FU257820,59291
166,Mazda,MX-3,1994,Aquamarine,1FTEX1CM2BK059092,93599
167,Suzuki,Sidekick,1997,Pink,1G6KP5ES6BU060391,47741
168,Isuzu,Stylus,1992,Aquamarine,WAUBF78EX8A561955,59389
169,Porsche,911,1998,Orange,WUADUAFG6CN630809,14377
170,Nissan,240SX,1993,Puce,1FTEW1C87AF688859,19164
171,Lexus,LS,1992,Puce,1G4CW54K444237704,47416
172,Honda,Passport,1995,Violet,WAUFGAFC3FN421023,64696
173,Subaru,Outback,2010,Red,WBALW3C57FC109354,55883
174,Land Rover,LR3,2005,Red,JN8AF5MV3FT032460,1379
175,Audi,S6,1995,Green,19UUA65665A244768,15514
176,Oldsmobile,Achieva,1997,Teal,YV1612FS0E1532324,33483
177,Ford,Aerostar,1987,Blue,WP1AE2A29BL562767,8764
178,Nissan,Quest,2008,Orange,WDDEJ7EB2EA071374,31757
179,Suzuki,SJ,1987,Green,1N6AA0EC8FN408937,57955
180,Pontiac,Grand Am,1988,Orange,WAUAC48H13K418134,81385
181,Ford,Explorer,2006,Indigo,WAULV94E98N571829,83154
182,Mazda,MPV,2002,Teal,2B3CA4CD2AH579247,43819
183,GMC,Vandura G2500,1995,Turquoise,JN8AF5MR4CT905650,90461
184,Oldsmobile,Silhouette,1995,Fuscia,W04GV5EV5B1590267,80157
185,Volkswagen,GTI,1986,Mauv,WP0AA2A83CU009838,46775
186,Volvo,V50,2005,Crimson,JTMHY7AJXF4807915,70531
187,Mazda,RX-7,1984,Crimson,4T1BK1EB3EU310416,44878
188,Mercedes-Benz,M-Class,2001,Crimson,5N1AA0NE1EN098953,11619
189,Mitsubishi,Eclipse,1996,Purple,WP1AA2AP6AL498614,6160
190,Mercury,Villager,1996,Red,JN8AE2KP7C9293167,74887
191,Cadillac,SRX,2011,Teal,1G6AB5SX4F0888043,57155
192,Isuzu,Trooper,2000,Mauv,WBAKF5C5XDE040183,79415
193,Subaru,Leone,1985,Goldenrod,1C3CDFAA0FD427535,17082
194,Ford,Mustang,2003,Fuscia,2G4WD582161456213,53893
195,Audi,Allroad,2004,Yellow,19XFB2F57DE050474,40427
196,Ford,Mustang,1969,Goldenrod,KMHCT4AE1EU421257,21491
197,Volkswagen,Passat,1998,Maroon,SAJWA4GB9FL471188,82373
198,Ford,F150,1984,Orange,1FMEU7DE7AU689790,97930
199,BMW,X3,2007,Fuscia,3GYFNCEY2AS221356,13181
200,Ford,F-Series,1988,Yellow,WDDJK7DA4DF630672,61264
201,Infiniti,I,2002,Puce,JH4DC53003S370650,19135
202,Isuzu,Stylus,1993,Crimson,JH4KB26549C662868,54167
203,Mercury,Grand Marquis,1992,Teal,JTHBP5C28A5788950,54704
204,Lexus,GS,1994,Puce,WAUR4AFD0CN584187,90062
205,Lincoln,Navigator,2000,Green,JHMGE8G33BS114658,7527
206,Volkswagen,Jetta III,1993,Teal,WDDUG7JB5EA169640,78832
207,Mazda,CX-7,2011,Blue,19VDE3F39DE048091,82412
208,Mazda,Tribute,2006,Violet,5UMDU93486L770216,3955
209,Chevrolet,Suburban 1500,2007,Green,137ZA83311E190293,334
210,Saab,900,1994,Puce,3C6JD6AK4CG767577,90902
211,Buick,LeSabre,1987,Turquoise,JN8AF5MR5ET157994,34528
212,Toyota,Tundra,2011,Aquamarine,WA1LGAFE5BD146028,58719
213,Acura,ZDX,2011,Puce,3N1AB6AP7BL801675,88761
214,Chevrolet,Cavalier,1994,Puce,JTHDU5EF6C5352750,97639
215,BMW,7 Series,1993,Pink,3GYFK62868G506671,26353
216,Volvo,S40,2007,Red,WDDEJ7EB4CA572957,53774
217,Ford,Escort,1995,Fuscia,WAUGL58E65A633880,2299
218,Chevrolet,Avalanche,2007,Orange,SCBDU3ZA3CC697396,3523
219,Isuzu,Rodeo,2001,Blue,WP0AD2A71EL134649,70964
220,Lexus,IS-F,2011,Goldenrod,ZHWGU5BZ1AL667596,32170
221,Ford,Contour,1998,Khaki,2C4RDGEG4ER080247,82803
222,Ford,Aerostar,1994,Turquoise,WBAYP9C51ED018305,52530
223,Ford,Aerostar,1994,Maroon,JH4CU2E63BC459923,23694
224,Mitsubishi,Starion,1984,Turquoise,WBAKB0C57BC890960,29522
225,Chevrolet,Astro,1994,Crimson,KNDJT2A59C7354645,47607
226,Pontiac,Sunfire,2003,Goldenrod,WP1AA2A28BL093991,50921
227,Dodge,Dakota Club,1994,Turquoise,1G6KD57Y68U113691,12257
228,BMW,M3,2005,Purple,2CTALBEW7A6426981,95228
229,Ford,Five Hundred,2005,Mauv,19VDE1F55FE469122,42569
230,Mitsubishi,Lancer,2012,Goldenrod,WBAHN03526D798141,8679
231,Mercedes-Benz,SLK-Class,2004,Violet,1G6DZ67A580001782,57245
232,Daewoo,Nubira,2000,Crimson,2FMGK5BC0CB369482,23768
233,Kia,Spectra,2005,Goldenrod,JM3TB2MA0A0425765,93828
234,Chevrolet,Cobalt SS,2007,Fuscia,2HNYD18275H802979,24972
235,Pontiac,Grand Prix,1966,Yellow,JHMFB4F25CS579532,56511
236,Lincoln,Navigator,2001,Fuscia,2D4RN3D17AR346490,69688
237,Volkswagen,Corrado,1991,Khaki,1G6DM1E38C0649924,1932
238,Dodge,Ram 1500,1999,Yellow,SCBCU8ZA2AC771297,41737
239,Ford,Mustang,2013,Crimson,3D7JV1EP7AG889562,92284
240,Ford,Aerostar,1988,Orange,3C3CFFDR8ET139380,22402
241,GMC,Savana 1500,1996,Pink,JH4CW2H65CC931062,16363
242,GMC,3500,1997,Green,1G6AF5SX5E0134619,91102
243,Ford,Explorer Sport,2000,Khaki,2D4RN1AG7BR890440,98937
244,BMW,Z3,1999,Pink,5GADT13S542740134,17225
245,Dodge,Caliber,2011,Aquamarine,SCBLC43F16C084531,40363
246,Buick,Electra,1985,Orange,3C3CFFCR0ET211075,78507
247,Chrysler,Sebring,2009,Fuscia,1D4PT6GX7BW911330,68380
248,Buick,Riviera,1992,Orange,SAJWA0F73F8757238,9603
249,GMC,Savana 2500,2007,Violet,2T1KE4EE9BC635796,94105
250,Jaguar,XJ,2007,Aquamarine,JTDKN3DU9A0063592,6333
251,Subaru,Outback,2007,Blue,WAUEF78E86A565836,13510
252,Ford,Econoline E150,1994,Crimson,WA1DKAFP7BA151866,50235
253,Chrysler,Cirrus,1999,Crimson,1G4GD5EG7AF058462,24853
254,Volkswagen,Cabriolet,2000,Yellow,WBA1K5C57FV272833,72350
255,Chevrolet,Corvette,1956,Puce,JH4KC1F35EC947160,38458
256,Audi,A4,2010,Puce,WAUVT54BX3N004485,14718
257,Ford,Explorer Sport Trac,2009,Violet,WAUDF98E16A056663,42886
258,Land Rover,LR4,2011,Indigo,1G6DK67V980258760,1410
259,Jeep,Wrangler,1998,Blue,5N1AN0NUXEN823588,15601
260,Chevrolet,S10,2003,Mauv,2C3CCAJT3CH730637,45702
261,Chevrolet,G-Series G20,1992,Orange,JN8AZ1MU0CW229636,45496
262,Audi,A6,2004,Turquoise,1G4HD57218U104864,31587
263,Lexus,IS-F,2008,Teal,WAUHE78P39A998549,34719
264,Dodge,Grand Caravan,1992,Yellow,WVWAN7AN3DE896506,27111
265,BMW,Z8,2002,Maroon,1G6DA8EG7A0689185,72399
266,Hummer,H1,1999,Purple,2G4GZ5GVXB9398308,85662
267,Maybach,62,2009,Puce,1FTSW3A56AE396102,31369
268,Ferrari,599 GTB Fiorano,2008,Fuscia,WBAPL3C52AA175504,10606
269,Ford,LTD Crown Victoria,1989,Aquamarine,WAUCFAFH9BN222344,93011
270,Lexus,GX,2005,Fuscia,JN8AE2KP5D9610025,43982
271,Ford,Bronco II,1990,Green,1N4AL3AP6DC942346,4120
272,Nissan,Murano,2007,Yellow,SCBLC47J09C568029,52414
273,Hyundai,Santa Fe,2011,Pink,1FTEW1CM1BK984787,288
274,Volkswagen,Jetta III,1993,Teal,WAUKF78E08A098966,66445
275,Mercury,Tracer,1999,Goldenrod,1YVHZ8BHXB5452936,71595
276,Ford,E150,2005,Aquamarine,1N6AD0CWXFN196367,89928
277,Ford,F250,2011,Turquoise,1FMCU9C73AK921349,1718
278,Hyundai,Elantra,2001,Turquoise,WBAWL13539P225738,26337
279,Toyota,Solara,2005,Maroon,1G6D05EG7A0058387,94369
280,Plymouth,Reliant,1981,Purple,4JGBB9FB9BA274340,94614
281,Buick,Terraza,2006,Puce,5FRYD4H93GB081054,89806
282,Nissan,Cube,2011,Violet,5TFCY5F14CX251179,19427
283,Mitsubishi,3000GT,1994,Yellow,2G4GS5GX3F9572506,6077
284,Audi,S8,2001,Maroon,WAUDH78EX8A352542,951
285,Porsche,Cayman,2012,Khaki,1C4NJPBA7DD736823,48308
286,Toyota,Tacoma,2001,Orange,1J4NF1FB8BD186699,7302
287,Ford,Windstar,2003,Aquamarine,1G6AT5S39F0482611,67102
288,GMC,Savana 3500,2000,Puce,1G4GD5G37EF143026,11865
289,Mitsubishi,Lancer,2009,Green,WDDHF0EB6EB819768,20764
290,Honda,S2000,2004,Puce,WAUAH74F89N776670,44157
291,Chevrolet,Express 2500,2006,Indigo,5J6TF3H55FL107737,26600
292,Toyota,Celica,2000,Teal,4A4JM2AS4BE955855,49458
293,Nissan,240SX,1995,Khaki,5TDDK3DC2DS540261,76385
294,Subaru,Tribeca,2007,Crimson,1G6AH5S35E0123417,78129
295,Infiniti,QX,2000,Blue,1FTSW3A50AE787939,54266
296,GMC,Yukon,2005,Yellow,1G6AR5SX3F0067267,47336
297,Land Rover,Discovery,1994,Orange,SCBLF44J57C468470,840
298,Toyota,Celica,1983,Teal,1G6AG5RX6E0208018,32856
299,Chevrolet,Suburban 1500,2008,Goldenrod,KNDPB3ACXF7907874,40823
300,Plymouth,Grand Voyager,1999,Fuscia,JHMZF1C60FS151542,20608
301,Ford,F-250 Super Duty,2006,Teal,SCBLC31E72C537310,34390
302,Honda,Accord,2004,Red,5GAKRCED5CJ528810,26262
303,Porsche,Boxster,2011,Yellow,WAUEF78E87A844298,84427
304,Toyota,Tacoma,2000,Pink,WBA5B3C59ED949326,34210
305,Isuzu,Rodeo Sport,2003,Maroon,WBAXG5C54CC856688,58546
306,Infiniti,QX,1999,Teal,WBABS53483E624339,45937
307,Honda,Civic,2005,Green,3MZBM1L78EM599632,27709
308,Nissan,Frontier,2012,Indigo,SALFR2BG0FH712579,57993
309,Lamborghini,Murciélago,2003,Maroon,1GD11ZCGXDF102029,89859
310,Suzuki,Swift,2004,Red,5LMJJ2H52CE145232,68922
311,Dodge,Durango,1998,Orange,2G4GV5EV8B9017036,13144
312,Cadillac,STS,2011,Red,YV1672MW0B2748569,9627
313,Mercedes-Benz,SLK-Class,1999,Crimson,WAUAFAFL5AA457079,50173
314,BMW,M3,2008,Crimson,1FTSW2B53AE724780,81808
315,Lexus,IS,2008,Mauv,WAUHFAFL4BA321591,80645
316,Mercury,Mountaineer,2006,Purple,WAUKH98E96A449392,5563
317,Kia,Sorento,2009,Teal,1G6DL1E33C0103423,32944
318,Honda,Accord,2008,Puce,1N4AB7APXDN731293,22233
319,Pontiac,Bonneville,1997,Orange,1G6DU6EV7A0476246,17306
320,Ferrari,430 Scuderia,2009,Goldenrod,WAUWGBFB8BN049251,83918
321,Audi,TT,2003,Fuscia,WUAUUAFG4CN182263,20063
322,Mitsubishi,Outlander,2005,Puce,1FMJK1H51BE619869,79853
323,Chevrolet,Cavalier,2003,Teal,1GD02ZCGXCZ214884,29686
324,Honda,Civic,2010,Crimson,5UMBT93507L909761,29642
325,Buick,Roadmaster,1994,Violet,SCBBR9ZA4CC420266,12618
326,Cadillac,XLR,2007,Indigo,2G61V5S34D9793215,45904
327,Aston Martin,V12 Vantage,2012,Fuscia,5N1BA0NE7FN049617,3241
328,Audi,A8,2000,Puce,JTDBT4K33C1636666,21003
329,Acura,MDX,2002,Crimson,3N1AB6AP0BL255303,94108
330,Toyota,Corolla,2002,Fuscia,2HNYD28228H043569,47821
331,Chevrolet,Suburban 1500,2001,Crimson,1GT3CZBGXAF571335,60595
332,Ford,E150,2012,Puce,5YMGY0C50DL481037,76061
333,Mercury,Monterey,2005,Violet,5XXGM4A71DG555937,23397
334,Hyundai,Sonata,1992,Purple,YV1902MM8F1915837,41693
335,Porsche,Boxster,2003,Crimson,WAULC58E95A398633,50032
336,Ford,F350,1997,Violet,WAUFFAFL8BN954773,42583
337,Toyota,Tacoma,2011,Khaki,3C4PDCGB7ET622424,66471
338,Land Rover,Range Rover,2002,Green,WAUSGAFB0AN430809,14766
339,GMC,Sonoma Club Coupe,1994,Purple,1G6DC1E39D0304535,62417
340,Dodge,Ram 2500,2003,Puce,3VWKZ8AJ5BM435260,16432
341,Buick,Regal,1999,Turquoise,1VWAH7A30DC034214,1987
342,Infiniti,QX56,2011,Purple,WBAVC935X7K376791,6076
343,Acura,TL,2002,Teal,3C6LD4AT1CG776775,92432
344,Porsche,968,1995,Maroon,KNADM5A35D6243640,70928
345,GMC,Vandura 2500,1994,Orange,1G4HR54K71U125746,66221
346,Ford,LTD Crown Victoria,1991,Puce,5N1AT2ML2FC074129,71099
347,Chevrolet,Beretta,1992,Teal,WAUBFAFL2FA241668,29012
348,Mazda,Familia,1987,Puce,JN8AZ2KR8ET150529,8701
349,Oldsmobile,Bravada,1994,Orange,WBAEV53425K234930,51538
350,Ford,Explorer,1993,Green,5J8TB4H38GL126968,20712
351,Ford,Taurus,1997,Crimson,WBAYG6C50FD477728,84685
352,Mitsubishi,Cordia,1984,Violet,JTDZN3EU4D3627679,56294
353,Dodge,Dakota,2002,Orange,5FPYK1F50EB979783,44350
354,BMW,325,2006,Red,1C6RD7JT8CS136244,32754
355,Ford,Probe,1992,Fuscia,3VWPG3AGXAM142200,48882
356,Volkswagen,Touareg,2004,Crimson,3FAHP0GA2AR860387,92566
357,Chevrolet,SSR,2006,Indigo,2G61T5S36D9202338,91749
358,Toyota,Solara,2008,Indigo,WAUMGAFL0AA806787,95730
359,Ford,Econoline E250,1996,Indigo,JN1CV6FEXDM053620,67177
360,Bentley,Continental GTC,2012,Purple,JN1CV6EK9DM678940,88189
361,Honda,Accord Crosstour,2011,Orange,5UXFG43538L138967,9525
362,Honda,CR-V,2011,Puce,1FMEU6EE6AU478895,53433
363,Chevrolet,Blazer,1994,Purple,JTEBU5JR0D5936552,96507
364,Mercury,Grand Marquis,1985,Maroon,1N6AF0KXXEN034256,28795
365,Chevrolet,Express 2500,1997,Goldenrod,SCFFDCCD6AG949190,95661
366,Oldsmobile,Ciera,1992,Maroon,5NPDH4AE1BH034529,3326
367,Geo,Prizm,1993,Crimson,WBASN0C54DD193086,56206
368,Chevrolet,Uplander,2005,Purple,WBA3N5C58FK641930,24707
369,Lexus,RX,1999,Blue,2HNYD18615H421728,92349
370,Volvo,S80,2000,Puce,SCFKDCEP3EG548353,54572
371,Lexus,RX,2013,Orange,KMHEC4A43EA050443,15488
372,Lincoln,Continental,1987,Goldenrod,W04GX5GV2B1313258,6368
373,Pontiac,Fiero,1987,Fuscia,YV1902MC7F1477075,70476
374,Land Rover,Discovery,2000,Red,3D73Y3CL8BG908357,42980
375,Ford,Edge,2007,Turquoise,1G6KD57Y26U804973,18694
376,Toyota,4Runner,1994,Maroon,5UXFE43508L089748,173
377,Ford,F-Series,2011,Teal,WAUHMAFC6EN543505,20800
378,Mitsubishi,Pajero,1984,Purple,1FTWX3B5XAE900728,3072
379,MINI,MINI,2002,Mauv,2G4GU5GV6C9156700,79805
380,Mazda,Miata MX-5,2002,Maroon,1N6AF0LY9EN577539,78511
381,Suzuki,Sidekick,1993,Goldenrod,1FTWF3B51AE253784,35018
382,Nissan,Cube,2011,Fuscia,3C63DRAL6CG310112,59361
383,BMW,M6,2008,Mauv,1G6DP577950140037,53071
384,Saab,9000,1993,Khaki,WA1CGBFE1ED269299,29596
385,GMC,Rally Wagon 1500,1992,Violet,1GYS4GEFXDR802134,76654
386,Chevrolet,Blazer,2005,Violet,1G4HH5E9XAU920286,23300
387,Toyota,Echo,2000,Fuscia,1FTWW3A58AE093663,19354
388,Pontiac,Firefly,1994,Maroon,3VW467AT2DM566193,84098
389,Nissan,Frontier,2009,Khaki,WAULFAFR6AA860050,29616
390,Audi,S6,2003,Turquoise,WVGEP9BP3FD147622,22302
391,Pontiac,Grand Am,1997,Green,SCFHDDAJ2CA384806,40137
392,Ford,Laser,1986,Crimson,5FPYK1F47DB525228,60276
393,BMW,530,2002,Puce,WBA3D3C55EF141755,73710
394,GMC,Yukon,2004,Crimson,JHMZF1C67DS261517,43818
395,Dodge,Ram 1500,2001,Orange,JTEBU5JR7B5608655,65241
396,Fillmore,Fillmore,1960,Teal,4A31K3DT4BE345376,84192
397,Mercedes-Benz,S-Class,1995,Violet,2G4WE587361581660,54902
398,Mitsubishi,Eclipse,1994,Purple,1N6AA0ED8FN093596,88400
399,Ford,Mustang,1987,Turquoise,WAUGF78K99A253432,92669
400,Mitsubishi,Raider,2008,Yellow,WAUVT58EX5A604132,53572
401,Audi,80/90,1988,Pink,1G6AH1RX1F0642970,54672
402,Mercury,Grand Marquis,1986,Red,KL4CJESB5EB114023,73220
403,Toyota,Highlander,2002,Aquamarine,WBA3A9C5XFK167403,76637
404,Toyota,Camry,2009,Indigo,WBANV1C53AB161949,6348
405,Ford,Mustang,1996,Pink,1D7RW3GK1AS146773,72786
406,Suzuki,SX4,2012,Yellow,WA1LFBFP0BA344429,84618
407,Ford,Freestyle,2007,Maroon,WAUEF98E08A454549,90629
408,Chevrolet,Caprice Classic,1994,Teal,1G4PP5SK1C4915003,12528
409,Ford,Expedition,1998,Orange,1C6RD6NTXCS765539,22185
410,Dodge,Grand Caravan,2005,Violet,1FTSW3B5XAE678323,3635
411,Isuzu,Oasis,1997,Indigo,WAUBF98E48A412081,28984
412,Oldsmobile,Intrigue,1999,Turquoise,19VDE3F71EE290880,53660
413,Mazda,Miata MX-5,1994,Purple,2G4WF551X41663945,98370
414,Nissan,Altima,2008,Puce,WAUSF78E86A811061,59962
415,Aston Martin,Vantage,2006,Teal,WBA3G7C57EK050394,80905
416,Mitsubishi,Mirage,1993,Khaki,5N1AR1NB1CC501990,83717
417,Ford,Explorer,1996,Maroon,5GAKVBED4CJ802133,28897
418,Honda,Prelude,1997,Goldenrod,JN8AS5MT4CW774788,92168
419,Saturn,L-Series,2000,Goldenrod,1GTC5LF92B8720815,77184
420,Honda,Civic,1994,Indigo,1G6DV57V690448454,59388
421,Honda,CR-V,2004,Orange,1FTWF3D50AE080787,86343
422,Volkswagen,Phaeton,2006,Turquoise,JN1CV6AP2CM909838,35679
423,Mitsubishi,Chariot,1991,Goldenrod,WAUCFAFC3DN893421,21027
424,GMC,Suburban 2500,1999,Puce,KMHFC4DF7AA752082,66517
425,Toyota,T100 Xtra,1995,Red,WA1LGAFE1CD651744,49448
426,Ford,Aerostar,1990,Mauv,3C4PDCDG6CT646193,63875
427,Hyundai,Sonata,2002,Green,4T1BF1FK7EU078471,45745
428,Mercedes-Benz,E-Class,2004,Aquamarine,SCFFDCBD3BG594272,82964
429,Cadillac,Seville,2003,Fuscia,WBANB33574B076539,93710
430,Mercedes-Benz,SLS-Class,2012,Mauv,WP1AA2A26CL720608,79678
431,Ford,F-Series Super Duty,2007,Maroon,WAUAFAFL6EN246892,51400
432,GMC,Yukon XL 2500,2003,Turquoise,KMHGH4JH9DU840579,88591
433,Mercedes-Benz,CL-Class,2002,Crimson,WVGAV7AX4BW724358,25158
434,Chevrolet,Cruze,2011,Teal,1FBNE3BL5DD543814,79094
435,Audi,200,1990,Pink,TRUWT28N321036541,94134
436,Toyota,Solara,2003,Crimson,1HGCR2E37EA444111,5448
437,Scion,xB,2009,Turquoise,WA1WKBFPXAA718391,3915
438,Chevrolet,Express 1500,2003,Mauv,JH4KA96644C952072,64498
439,GMC,Savana 2500,2004,Pink,WAUNF68P36A181538,4788
440,Chevrolet,Silverado 2500,2007,Orange,2HNYD2H61CH552760,98752
441,Audi,100,1990,Maroon,3N1CN7AP5EK846744,35567
442,Toyota,FJ Cruiser,2010,Crimson,1G6DF5EG2A0373483,31271
443,Ford,F-Series,2007,Orange,5N1AA0NE9EN411344,66729
444,Pontiac,Grand Prix,1969,Red,JN1EY1AP5EM628042,8885
445,Mazda,RX-7,1988,Purple,5N1AA0NCXAN565330,30367
446,Chevrolet,Tracker,2001,Pink,WAUEH48H58K299143,75901
447,Hummer,H3,2006,Indigo,2G61T5S36F9190601,42432
448,Audi,S6,2010,Turquoise,WAUEH54B91N266514,16
449,Buick,Lucerne,2009,Crimson,WAUHF68P66A929986,53376
450,Chevrolet,Silverado 3500,2003,Violet,WBA4A5C57FG159422,73937
451,Ford,Ranger,2000,Purple,5N1AR2MM2FC031949,23774
452,Dodge,Spirit,1992,Yellow,1GT3C0BG2AF808993,88328
453,Toyota,Yaris,2009,Blue,3GYFNBE38CS624050,70834
454,Maybach,62,2007,Purple,3GYFNEEY6AS201588,63672
455,Ford,Mustang,2006,Aquamarine,1GD020CG0DZ574792,30021
456,Hyundai,Elantra,1993,Pink,SCFHDDBT1EG546988,19844
457,Honda,S2000,2004,Maroon,1FMEU5DE1AU216472,14713
458,Chrysler,PT Cruiser,2007,Fuscia,WBA4A5C50FG155731,92734
459,Ford,Econoline E250,2000,Pink,WA1CFBFP6DA041920,84751
460,Saab,900,1987,Green,WA1CMAFE9ED357682,25919
461,BMW,7 Series,2005,Blue,KNDMB5C18F6129736,24608
462,Jeep,Wrangler,2008,Mauv,WAUTFAFH3AN418665,30659
463,Buick,Century,1984,Puce,5J8TB18588A004771,33922
464,Toyota,Celica,2000,Crimson,2FMDK3AK2CB537753,85109
465,Buick,Century,1989,Puce,1GYEC63N36R548791,18890
466,Maybach,62,2005,Teal,WBAPK5C53BA120270,42905
467,Suzuki,SX4,2010,Orange,JTDKDTB30C1269605,70289
468,Subaru,BRZ,2013,Blue,5J8TB3H57DL900408,55532
469,Dodge,Durango,2011,Aquamarine,WAU32AFD4FN693106,48169
470,Mercury,Montego,2005,Khaki,3GYFNKE65BS523847,31776
471,Pontiac,Grand Am,2001,Yellow,WAUHE78PX8A576731,48867
472,Chrysler,300M,2000,Turquoise,WAUJC68E04A166451,35369
473,Lincoln,Navigator L,2010,Violet,4T1BD1FK8FU317968,94143
474,Mazda,B-Series,1998,Crimson,YV1672MC4DJ563746,55552
475,GMC,Yukon,2010,Orange,2G4WE567851216165,87623
476,Volkswagen,GTI,1987,Red,JTHBF5C27D5292447,18424
477,Pontiac,Sunfire,2002,Goldenrod,1FTSW2B50AE989317,22225
478,Volkswagen,Cabriolet,2001,Yellow,2HNYD18251H666104,1301
479,Isuzu,Amigo,1992,Crimson,19VDE3F79EE028489,50592
480,BMW,M6,2009,Fuscia,2D4JN1AG1BR681496,22296
481,Porsche,911,1985,Orange,WA1UFAFL3EA575714,71007
482,Mitsubishi,Lancer,2010,Turquoise,WAULT68E75A440965,90449
483,Buick,LeSabre,1986,Fuscia,JN1CV6FE1BM818579,41930
484,Chevrolet,Equinox,2011,Red,1GKS2GEJ0BR134538,23083
485,Toyota,FJ Cruiser,2011,Crimson,2G4GN5EX7E9574218,64569
486,Chevrolet,S10,2000,Crimson,1ZVBP8JZ5D5516067,61114
487,Mercury,Milan,2011,Green,1G6AB5R36F0319682,47449
488,Porsche,944,1989,Khaki,3D73M4CL3AG267232,49925
489,Infiniti,Q,2001,Indigo,1NXBU4EE4AZ957231,27088
490,Lexus,LS,2009,Puce,1G6DS5E35D0050347,63424
491,Volkswagen,Jetta,2010,Pink,WAUVFAFR6DA887097,81224
492,Nissan,Maxima,2000,Crimson,WAUVC68EX5A267337,56287
493,Ford,F-Series,1996,Teal,WP0AA2A98AS205694,29315
494,GMC,Sierra 3500,2012,Puce,WA1CMBFP5FA525795,26321
495,Land Rover,LR2,2011,Maroon,WUADNAFG8BN793943,66488
496,Dodge,Ram 1500 Club,1995,Fuscia,5N1CR2MM4EC828811,57694
497,BMW,X6,2011,Blue,WAUMK78K19A522733,81198
498,Infiniti,G,2003,Mauv,SALAK2V67FA402584,64566
499,Pontiac,Bonneville,1984,Fuscia,WBA4C9C58FG779147,54550
500,GMC,Rally Wagon 2500,1993,Teal,2FMDK3AKXEB807413,66219
501,Ford,Aspire,1994,Puce,5N1CL0MMXEC182681,10837
502,Lexus,GS,2011,Maroon,1G4HP54K41U972262,49750
503,Jaguar,XK Series,1997,Khaki,2C3CCAEG5EH168062,17768
504,Lincoln,MKX,2011,Goldenrod,WAUJF78K79N210299,20447
505,Ford,Aspire,1996,Red,1D7RW3GKXAS339309,40130
506,Saab,900,1995,Mauv,19UUA9F52EA926683,49068
507,Kia,Sorento,2011,Mauv,KL4CJASB9EB376488,58134
508,Volvo,240,1992,Yellow,5N1CR2MN4EC153034,76679
509,Toyota,Tercel,1994,Khaki,5YMKW8C54F0630536,11111
510,Dodge,Charger,2010,Maroon,WUAAU34288N801475,70162
511,Subaru,Impreza,1997,Crimson,WBADX7C53BE113800,34479
512,Ford,LTD,1984,Turquoise,WBA4A7C53FD904857,80182
513,Pontiac,Montana SV6,2005,Purple,1G6KD57Y38U449573,51435
514,Volkswagen,Golf,2001,Fuscia,WBAHN83547D857951,72439
515,Honda,Insight,2010,Fuscia,JN8AE2KP4B9214598,86123
516,Audi,S4,2004,Fuscia,TRUDD38JX81579076,29685
517,Buick,Regal,2001,Yellow,4JGDF2EE0EA320819,63482
518,Maserati,Quattroporte,2006,Teal,KL4CJHSB7DB412914,78211
519,Aston Martin,V8 Vantage,2012,Blue,1GYEC63T52R378295,97217
520,Honda,Element,2008,Orange,5UMDU93477L655494,31848
521,Mazda,MX-6,1995,Violet,JTJBM7FX5C5729741,87405
522,Ford,F-Series,1995,Mauv,1G6DK5EV7A0509553,22266
523,Suzuki,Samurai,1992,Violet,JH4CL96897C275122,94032
524,Toyota,Land Cruiser,1997,Pink,1GTN2TEH8FZ955987,36872
525,Jaguar,XJ,2009,Mauv,KNAFZ6A3XF5166160,7035
526,Dodge,Ram 1500 Club,1995,Purple,2G61P5S39D9233586,29748
527,Ford,Bronco,1996,Violet,WVGAV3AX6DW916635,9201
528,Kia,Optima,2002,Turquoise,1FMJK1JT7FE456515,62982
529,Nissan,Altima,2002,Violet,1D4RE3GG6BC564270,21830
530,Holden,VS Commodore,1995,Maroon,2FMDK3AK5EB756046,57632
531,Cadillac,Escalade EXT,2006,Fuscia,1GYEK63N43R711883,44127
532,Honda,Civic,1993,Red,3C3CFFAR1DT171333,36439
533,Maybach,57,2011,Crimson,2HNYD28238H682737,80688
534,Toyota,Camry Solara,2006,Crimson,1GYS3EEJ9DR655283,78741
535,Ford,Taurus,1989,Green,JN1AZ4EH1DM929051,64537
536,Hyundai,Sonata,1997,Goldenrod,WBSBL93442J698881,7172
537,Mazda,Mazdaspeed6,2006,Purple,SCFBB03BX8G054040,46377
538,Toyota,4Runner,1993,Goldenrod,WBAFR9C55BD609783,57730
539,Mazda,B2600,1989,Indigo,WVWED7AJ5AW532725,17296
540,Hummer,H3,2006,Yellow,WAUAKAFB5AN593157,84634
541,Nissan,Maxima,2002,Fuscia,WAUDG98E15A328995,58182
542,Buick,Skylark,1996,Aquamarine,WBA3N3C54EK086638,84917
543,Pontiac,Bonneville,1968,Teal,1G4HP57298U300543,96018
544,Porsche,911,2012,Puce,1G6KD54Y15U770589,68258
545,Dodge,D250 Club,1993,Pink,2C3CCAAG2DH081188,15647
546,Volkswagen,Golf,2011,Purple,WAUDH94F78N142659,74158
547,MG,MGB,1977,Mauv,SCFEBBAK4DG648208,37887
548,Audi,A3,2009,Puce,3C4PDCEG1FT824014,39981
549,Chevrolet,G-Series G30,1993,Puce,SAJWA4EC6EM482671,52050
550,Oldsmobile,Cutlass Supreme,1995,Aquamarine,2T1BU4EE5BC892702,87596
551,MINI,Cooper Countryman,2011,Violet,1N6AD0CW3EN956945,26127
552,Scion,xD,2008,Goldenrod,WBADX7C59DP917347,67399
553,Chevrolet,G-Series 3500,1998,Crimson,JTDKN3DUXF0647037,42306
554,Audi,Q5,2009,Khaki,3C4PDCGB8ET159967,74083
555,Toyota,Highlander,2004,Puce,WAUKF98E78A649888,88133
556,GMC,Safari,1995,Aquamarine,1C3CDFCA9DD879381,10107
557,Maserati,Quattroporte,2006,Mauv,WBALX3C5XCC478718,57760
558,Volvo,XC90,2003,Puce,JN1CV6FE8BM114587,56361
559,Dodge,Nitro,2010,Turquoise,1ZVBP8AN0A5155095,68257
560,Buick,LeSabre,1999,Pink,WAU3MAFD8FN622789,20321
561,Cadillac,SRX,2009,Mauv,ZFF60FCA0A0459906,74255
562,Nissan,Maxima,2000,Yellow,3D7TT2CT1AG045747,49954
563,Toyota,Xtra,1993,Blue,KMHTC6AD1FU994258,41585
564,Infiniti,FX,2011,Red,3D73Y4CL3AG632500,75380
565,GMC,Sierra 2500,1999,Yellow,WAUJT58E73A893319,84962
566,Ford,Econoline E350,2002,Turquoise,SALAC2D47CA723341,98135
567,Chevrolet,Express 1500,2011,Goldenrod,1G4PS5SK5D4418312,88007
568,GMC,Canyon,2006,Violet,KMHCT4AE0DU554378,34948
569,Suzuki,Aerio,2005,Indigo,WAUVFAFR8AA227770,69725
570,Pontiac,Firefly,1990,Goldenrod,WAUDF78E28A321923,91959
571,Mercury,Mystique,1999,Khaki,WAUBH64BX1N842202,89542
572,Cadillac,STS,2005,Green,1G4GB5ER7CF778046,6970
573,Kia,Rondo,2009,Blue,4A31K3DT9CE343639,45354
574,Nissan,350Z,2008,Green,1FTMF1E85AF555347,37392
575,Hyundai,Santa Fe,2003,Crimson,WAUGL98E65A989513,94866
576,MINI,Cooper,2006,Puce,1FTEX1CM0BF335780,40131
577,Ford,Econoline E350,1996,Puce,WBADT43422G924476,91150
578,Lincoln,Navigator L,2011,Green,4T1BK3DB9CU606616,70014
579,Toyota,Matrix,2003,Khaki,1D4RE2GG9BC560403,45776
580,Suzuki,Verona,2006,Crimson,1C3BCBGG2DN946287,42101
581,Mercury,Grand Marquis,2008,Orange,WAUBGAFC8CN523461,12249
582,Pontiac,Grand Prix,1983,Fuscia,1G6DW67VX80019206,1648
583,Audi,Q5,2012,Goldenrod,SAJWA4EC9BM877777,34054
584,Audi,Q7,2008,Violet,WAUSH74F08N083451,52767
585,Subaru,Justy,1991,Purple,5FRYD3H43FB067619,33372
586,Dodge,Ram 2500,2003,Turquoise,1GYS4DEF3CR445649,75876
587,Chevrolet,Blazer,2002,Blue,3LNHL2GC5BR208136,18902
588,Chevrolet,G-Series 1500,1997,Indigo,WDDLJ7DB0CA081035,14590
589,Ford,Taurus,1990,Green,JTDKN3DP2C3916474,51791
590,Ford,Escort,1996,Teal,JN8AF5MR1ET006411,51829
591,Chevrolet,Colorado,2010,Khaki,SCFFDAAMXEG898354,93556
592,Mitsubishi,Challenger,1997,Blue,SCFFDCCD9CG212794,2087
593,GMC,Sierra 2500,2005,Crimson,WUADNAFGXBN082504,10462
594,Jeep,Grand Cherokee,2011,Red,3D73Y3HLXAG076592,30464
595,Nissan,Sentra,1993,Blue,1YVHZ8BH6C5396866,70215
596,Spyker,C8,2006,Red,2B3CA7CW8AH442770,7283
597,Audi,S6,1995,Yellow,1FTMF1CW3AK655844,66375
598,Hyundai,Elantra,2007,Teal,3N1AB6APXBL039927,20010
599,Ford,Windstar,2004,Maroon,1N4AL2AP2AN656424,5941
600,Lexus,IS-F,2010,Pink,KMHGC4DE2AU926005,59594
601,Mitsubishi,Cordia,1985,Puce,5TDDK3DC8BS372736,15897
602,Lincoln,LS,2004,Yellow,1FTEW1CM4DF496137,72759
603,Pontiac,Sunbird,1988,Indigo,1N6AF0KYXFN380625,36542
604,Audi,TT,2004,Puce,WBASP4C59CC249321,62807
605,Oldsmobile,Cutlass,1999,Puce,2C3CDXFG0EH977130,20625
606,Toyota,Land Cruiser,2006,Teal,WAUMFAFL5BN607876,44076
607,BMW,330,2006,Blue,WAUGL68E35A575796,12954
608,Jeep,Liberty,2012,Pink,1G6KP5E98AU546194,51411
609,Isuzu,Amigo,1998,Yellow,JTHKD5BH0B2051999,45582
610,Mitsubishi,Chariot,1987,Puce,1G6KF54905U009295,16129
611,Ford,Taurus,2011,Red,WBANF73597C801018,83529
612,Chevrolet,Colorado,2005,Indigo,WA1LMBFE5DD412911,90554
613,Dodge,Ram 1500 Club,1995,Purple,JN1AZ4EH5BM276771,79426
614,Chevrolet,Silverado 1500,2004,Violet,1FTEX1E81AK388770,59970
615,Toyota,Prius Plug-in Hybrid,2012,Maroon,2T2BK1BA9BC019908,56748
616,Mercury,Capri,1986,Red,WAUBH74F78N309470,8378
617,Subaru,Forester,2003,Purple,5J6TF2H51DL061248,82448
618,Cadillac,Fleetwood,1994,Teal,1FMJK1F50DE672391,86884
619,Volvo,S60,2012,Violet,SALSF2D48DA157817,10441
620,Subaru,Impreza,1996,Pink,5N1AA0NC2FN667695,10934
621,Chevrolet,Express 2500,2001,Violet,1GD12ZCG4CF068293,2748
622,Kia,Spectra,2002,Purple,WAUAFAFL5BN605919,69107
623,Plymouth,Breeze,1997,Green,WBAVT135X6A449020,73467
624,Toyota,Celica,1982,Indigo,WAU4FAFR6CA456950,77116
625,Acura,TL,2001,Maroon,2C3CDXDT3CH590570,78784
626,Hyundai,Tiburon,2008,Green,JM1NC2NF7E0051542,16607
627,Plymouth,Sundance,1994,Goldenrod,1D7RB1GK3BS201581,57020
628,Volkswagen,Touareg,2007,Pink,3GYT4NEF0CG016527,25674
629,Mitsubishi,Tredia,1985,Mauv,WDDHF0EB2EB377362,95227
630,Ford,Mustang,1993,Mauv,1GYS4BEF0CR272449,42317
631,Honda,S2000,2004,Aquamarine,1N6BF0KX7FN521727,36431
632,Toyota,Sienna,2008,Violet,KL4CJBSB9DB388001,78830
633,Porsche,911,2012,Blue,1G4HD57258U597870,43234
634,Chevrolet,Silverado 3500,2004,Green,JN8AS5MT2DW942431,44402
635,Toyota,Paseo,1994,Yellow,JH4DC53093S412474,82136
636,Chrysler,LHS,1995,Puce,KMHDB8AE8CU559132,47679
637,GMC,Yukon,2006,Crimson,1FTEW1C87FF028196,12508
638,GMC,Suburban 2500,1995,Crimson,1GYS3FEJ7CR684950,48487
639,Land Rover,Range Rover Sport,2011,Red,3N1AB7AP0FY052846,45354
640,Chevrolet,Uplander,2005,Puce,WA1AGAFE3CD933519,3487
641,GMC,Sonoma Club Coupe,1996,Violet,WAUBVBFBXBN457206,61751
642,Daewoo,Leganza,2000,Indigo,5GADT13SX42829729,18251
643,Suzuki,X-90,1996,Teal,1GYS4BKJ9FR014329,81054
644,Toyota,T100,1993,Yellow,WA1EY94L98D697268,90693
645,Infiniti,Q,2001,Indigo,1C6RD6JT3CS782009,74777
646,Nissan,Xterra,2000,Maroon,WAUDH98E78A251874,72179
647,Honda,Passport,1995,Yellow,3D7TT2HT3BG983792,42109
648,Saturn,S-Series,2002,Violet,JH4CL96977C084632,46414
649,Kia,Optima,2012,Maroon,1GD02ZCG7BF696682,15393
650,Dodge,Ram 2500 Club,1997,Maroon,WBA3F9C5XDF643141,31637
651,Hummer,H2,2009,Blue,3VW1K7AJ0DM862648,50937
652,Isuzu,Hombre,1998,Maroon,1N6AA0EK3FN961986,49735
653,Dodge,Durango,2008,Mauv,WAU3VAFR6BA590063,10268
654,Lincoln,Mark VIII,1995,Indigo,JN1AV7AP8FM812872,8631
655,Ford,Excursion,2000,Maroon,1N6BF0KX4FN734859,15400
656,Volkswagen,New Beetle,2004,Indigo,WDBWK5JA4BF424336,6666
657,Toyota,Sequoia,2012,Maroon,WVWEU9AN1AE397506,96763
658,Toyota,MR2,2001,Indigo,1GKKRNED3FJ962064,63621
659,Ford,E250,2006,Puce,WAUAF78E68A532013,64689
660,Mitsubishi,Starion,1985,Violet,1FTSW3A56AE892579,70537
661,GMC,Jimmy,2000,Red,19UYA41623A842252,86840
662,Kia,Optima,2004,Indigo,WVGAV3AXXDW227410,21113
663,Volkswagen,Golf,1986,Orange,3C3CFFBR6FT709607,42535
664,Mitsubishi,RVR,1993,Violet,1D7RB1GP7BS540047,56021
665,Acura,NSX,1998,Green,5N1AZ2MHXFN695441,78163
666,Hyundai,Sonata,2011,Crimson,WAUAH68D01A520456,67108
667,Morgan,Aero 8,2008,Blue,JH4KB2F68CC687238,88497
668,Acura,TL,1996,Purple,TRUUT28N541192512,29523
669,Ford,Escort ZX2,2003,Pink,WBSBR93432E178582,52997
670,Land Rover,Freelander,2011,Fuscia,WP0AB2A85CS453196,58442
671,Lincoln,Continental,1989,Orange,WA1CGAFE0ED894254,511
672,Mitsubishi,Lancer,2011,Turquoise,3D7TT2CT2BG773370,72679
673,Chevrolet,Express 3500,2001,Aquamarine,SCBLC31E92C834675,91267
674,Infiniti,JX,2013,Violet,WAUEH54B01N177625,98758
675,Chevrolet,SSR,2003,Orange,SAJWA4DC0CM527781,5360
676,Isuzu,Rodeo Sport,2003,Indigo,JTHBE1BLXFA736565,18108
677,Ford,F250,2011,Puce,5YMGZ0C5XAL164911,24280
678,Mercury,Cougar,1991,Pink,2HNYD18816H598363,66767
679,Toyota,Yaris,2008,Orange,1G6AJ1RX3F0917713,52482
680,Lincoln,MKZ,2007,Yellow,WDDJK6FA0FF739222,96485
681,Mitsubishi,Eclipse,2002,Yellow,SCBBR9ZA1AC802476,81662
682,Ford,Thunderbird,1984,Crimson,WA1LMBFE4AD672972,72322
683,BMW,750,2006,Khaki,WAUDL54F55N699542,48984
684,Lincoln,Navigator,2010,Crimson,5TDBKRFH3FS660897,76813
685,Mercedes-Benz,500SL,1992,Indigo,JH4CL96827C359315,14095
686,Nissan,Versa,2007,Teal,1G6DP577460017828,1831
687,Ford,F-Series Super Duty,2009,Aquamarine,WBA5B1C50ED439645,12779
688,Buick,Regal,1992,Blue,WP1AE2A26CL652962,92454
689,Hummer,H1,2000,Orange,JTHCL5EF7F5252143,29233
690,Land Rover,LR2,2009,Violet,1FTSW3B58AE247169,3704
691,Mitsubishi,Lancer,2006,Blue,1N6AF0LY6FN931373,46498
692,Chrysler,Sebring,2009,Violet,3G5DB03EX4S508534,64540
693,Buick,Riviera,1999,Indigo,WAUMGBFL9CA708057,31131
694,Land Rover,Discovery,2012,Indigo,3VW8S7AT2FM000079,71069
695,BMW,3 Series,1992,Khaki,1GKS1HE01ER570187,78723
696,Mercedes-Benz,300SD,1992,Red,1G4HR57Y08U587964,76512
697,Ferrari,599 GTB Fiorano,2007,Teal,SCFAB42391K019845,33504
698,Volkswagen,Eurovan,2000,Pink,WBADX7C52BE153253,22049
699,Mitsubishi,Eclipse,2005,Green,TRUDD38J181532258,44284
700,Honda,Prelude,1985,Violet,1FTFW1E82AK801707,44431
701,Ford,Expedition EL,2007,Khaki,JN8AE2KP8E9319505,25460
702,Nissan,GT-R,2011,Indigo,WAUWMAFC1FN048556,40144
703,Honda,Odyssey,2007,Crimson,JN1AZ4EH9CM923206,40067
704,Dodge,Ram 3500,1994,Khaki,2G4GR5EK5C9551610,45847
705,Dodge,Durango,2006,Violet,1N6AA0EC2DN856880,19452
706,Jeep,Grand Cherokee,2001,Yellow,WAUGFAFR4DA082370,15572
707,Toyota,Corolla,2012,Maroon,WBANA73554B878744,96123
708,GMC,Savana 2500,2001,Indigo,JH4CU2F67CC620421,41953
709,Chevrolet,Corvette,1987,Crimson,1GD220CG6CZ253587,26154
710,Jeep,Wrangler,2006,Yellow,WBA3V7C52EP110364,68866
711,Lexus,LS,1992,Khaki,JN1BJ0HP8FM258388,28350
712,Infiniti,G25,2011,Puce,JTDKDTB33E1698188,11491
713,Maybach,62,2009,Puce,1G6DJ8EV3A0985867,37332
714,Toyota,Xtra,1995,Yellow,WAUDGBFL2CA287525,16988
715,Ford,Ranger,2003,Pink,WUADU78E38N432968,92851
716,Toyota,Avalon,1997,Teal,2G4WF551221206060,23251
717,Eagle,Vision,1994,Yellow,WBAPH7C51AE358653,26787
718,Audi,200,1991,Aquamarine,JA32U2FU4DU474968,48095
719,Mazda,MPV,2003,Yellow,1GD11ZCG0CF122191,1897
720,Honda,Ridgeline,2010,Yellow,WAUAFAFH6AN797605,37514
721,Ford,Excursion,2005,Puce,3VW4A7AT2DM212107,91695
722,Aston Martin,DB9,2012,Red,5TDBK3EH8DS786247,18554
723,Audi,A3,2010,Goldenrod,YV4952CY4E1383137,24880
724,BMW,760,2006,Violet,WBA3R5C56FF815278,79394
725,Maybach,62,2010,Fuscia,3C3CFFER2CT607759,22680
726,Dodge,Ram Van 2500,1997,Blue,KMHCT4AE3FU020293,86834
727,Ford,F150,2003,Aquamarine,3N1BC1CP6CK537342,80595
728,Acura,NSX,1992,Khaki,WP0AA2A88AU952093,57604
729,Oldsmobile,88,1999,Blue,SAJWA4DB4DL690366,41013
730,Chevrolet,Cavalier,1997,Orange,SCBLC37F66C751694,91761
731,Pontiac,GTO,1966,Teal,2C3CCABG4DH462491,72366
732,Chevrolet,Silverado 3500,2002,Orange,5NPDH4AE1CH673933,38810
733,Ford,F350,1993,Khaki,WBAYF4C56ED013185,85280
734,Cadillac,DeVille,2000,Maroon,3C4PDCEG0FT034686,43397
735,Lincoln,Aviator,2004,Blue,TRURD38J181741523,32616
736,Daewoo,Nubira,2002,Maroon,WDBSK7AA9CF303748,28885
737,Hyundai,Santa Fe,2003,Teal,1G6AK5SX5D0062508,18808
738,Lexus,ES,1993,Aquamarine,1GTN1TEX0DZ981507,52364
739,Dodge,Caravan,1992,Puce,5NPET4AC1AH743378,79206
740,Chevrolet,G-Series G30,1994,Teal,WAULD54B72N096903,94176
741,Audi,S6,2007,Blue,5N1AA0NC6EN037449,30405
742,Mercury,Monterey,2004,Maroon,1G6DA5EG3A0399847,78709
743,Mitsubishi,Mirage,1991,Teal,3GYFNJE44AS762619,90805
744,Ford,E-Series,2007,Yellow,3D4PG6FV8AT261531,8022
745,Toyota,4Runner,1992,Indigo,SCFBF03B28G475657,52282
746,Dodge,Intrepid,1999,Aquamarine,JTEBU5JR3D5903139,13397
747,Lexus,GX,2011,Maroon,4A31K2DF6CE680676,86806
748,Toyota,Matrix,2012,Purple,19UUA65654A041434,73384
749,Toyota,4Runner,2005,Puce,WA1CGBFE7ED495511,41198
750,Mercedes-Benz,SL-Class,1998,Red,JTJBC1BA7B2652081,51871
751,Acura,RL,2005,Goldenrod,3GYFNGEY2AS864989,16990
752,Mazda,626,1998,Turquoise,JTHHE5BC1F5536586,93961
753,Hummer,H3,2007,Khaki,WAUHE98PX9A302118,51498
754,Nissan,Quest,1993,Puce,WAUDFAFL1FN289163,28781
755,Nissan,GT-R,2009,Pink,WAUFGAFB0BN998870,50314
756,Audi,A3,2008,Indigo,WAUJT54B44N301672,6151
757,Nissan,Pathfinder,2009,Red,WAUDF98E88A905643,77528
758,GMC,Rally Wagon 1500,1992,Crimson,KMHDB8AE5BU728313,14874
759,Volvo,V90,1997,Crimson,JM3TB2CA8F0927772,34794
760,Chevrolet,Suburban 2500,1996,Red,JTDJTUD33DD765161,92719
761,Lotus,Esprit,1985,Goldenrod,2C3CDXHG1CH430393,78033
762,Mercedes-Benz,500SL,1993,Maroon,1VWAH7A37EC210550,86632
763,Acura,SLX,1997,Red,5NPEB4AC3BH462283,52534
764,Chevrolet,Silverado,2007,Puce,2LMDJ6JK2CB874015,6985
765,Subaru,Legacy,2002,Pink,3C6TD5ET7CG952616,42308
766,Honda,Odyssey,2005,Teal,WAUAH98E08A579351,68186
767,Mazda,B-Series,1998,Aquamarine,3C63D3NL9CG247191,16610
768,Mitsubishi,Mighty Max,1993,Pink,1G6DL5E3XD0077170,82430
769,Buick,Century,2004,Goldenrod,2G61N5S37E9903935,52863
770,Pontiac,Tempest,1961,Teal,2T1BURHE1FC684623,76058
771,Audi,A8,2008,Blue,WBAWB33517P059375,99323
772,Lincoln,MKT,2012,Turquoise,WAULD64B93N958056,94730
773,GMC,Savana 1500,2003,Mauv,1GYUKCEF2AR451738,87090
774,Lotus,Elise,2005,Pink,1N4AL2APXCN069522,1447
775,Volvo,XC90,2006,Teal,3GYEK62827G217023,18488
776,Panoz,Esperante,2007,Maroon,JHMZF1C44BS656797,98441
777,Scion,xD,2010,Maroon,WBA3B3G57FN302937,48491
778,Jeep,Grand Cherokee,1995,Fuscia,1G6DF577190632960,49260
779,Infiniti,Q,2006,Yellow,5UXZV8C55BL491115,45151
780,Porsche,Cayman,2008,Aquamarine,WAUMGBFLXCA894577,76316
781,Hyundai,Elantra,2009,Goldenrod,WAU4FBFL4AA230985,32526
782,Mercury,Montego,2006,Khaki,1G4HR54K624782443,1006
783,Suzuki,Daewoo Lacetti,2006,Crimson,1FTMF1C89AK245485,2812
784,Mercury,Sable,2001,Green,2G4GR5GX7E9382993,89478
785,Ford,Expedition,2011,Turquoise,4T1BD1FK5EU399494,9858
786,Lincoln,Town Car,1995,Maroon,1G6AJ1R3XF0753244,33476
787,Jeep,Cherokee,1995,Teal,WAUDG74FX6N486099,16561
788,Plymouth,Colt Vista,1992,Khaki,3GYFNCE31ES997701,7377
789,Oldsmobile,Alero,2002,Mauv,TRUTX28N321001487,7947
790,GMC,3500 Club Coupe,1992,Violet,WBA3R5C51FF159524,30511
791,Oldsmobile,Aurora,2001,Fuscia,WAUCFAFH3FN792734,2056
792,Isuzu,Axiom,2003,Blue,4T1BK3DB0CU566796,11382
793,Maybach,62,2010,Orange,3VWML7AJ9EM964302,974
794,Pontiac,LeMans,1964,Purple,KNALW4D42F6309018,97389
795,Ford,Crown Victoria,1992,Orange,JN1CV6AP3BM088943,29317
796,Mazda,Mazda6 5-Door,2006,Turquoise,KNAFK4A62F5067173,28445
797,Chrysler,Town & Country,2005,Teal,5TDBY5G16FS968512,21134
798,Jaguar,XJ,2012,Blue,1GD21ZCG3BZ781545,74272
799,Hyundai,HED-5,2012,Orange,3D73Y4CL2AG444339,459
800,Lamborghini,Gallardo,2005,Pink,2C3CDZAT4FH785078,27230
801,Audi,S5,2008,Crimson,WAUAF78E85A328180,97125
802,Volkswagen,Eurovan,1994,Orange,1C3BC5ED8AN935588,11151
803,Toyota,Tundra,2008,Mauv,5XYZT3LB7FG814789,36547
804,BMW,Z4,2012,Purple,WAUVC68E45A708539,11709
805,Scion,tC,2010,Goldenrod,1G6DH8EG2A0798178,78328
806,Lotus,Elise,2008,Purple,WBAEP33423P896750,20892
807,GMC,3500,1999,Turquoise,1HGCP2F35CA712574,70676
808,Chevrolet,Tahoe,2004,Fuscia,3D73M4EL0AG199064,87402
809,Land Rover,LR4,2011,Maroon,JHMZF1C48BS095259,66687
810,Toyota,Sienna,2004,Purple,4T1BF3EK9AU317381,76804
811,Land Rover,Discovery,1994,Purple,WA1WMAFP5EA137066,85797
812,Hyundai,Sonata,1999,Khaki,WA1CFAFP3EA546406,8585
813,Ford,Thunderbird,1988,Blue,WBAWB33538P851514,62361
814,Subaru,Impreza,2012,Indigo,3VWML7AJXDM583203,27600
815,Ford,Excursion,2003,Khaki,1GYFK56249R399458,60336
816,Ford,Taurus,2012,Violet,YV1382MW0A2698254,22136
817,Mitsubishi,Lancer,2008,Turquoise,5UXKR2C51E0784020,61091
818,Mitsubishi,Galant,1986,Goldenrod,WBS3U9C54FP606990,43613
819,Hummer,H1,1998,Green,1GYFC16219R300584,15304
820,Jeep,Wrangler,1992,Teal,WDCGG5GB5AF798549,76109
821,Ford,Crown Victoria,2002,Aquamarine,WBA3V7C56F5392747,34340
822,Geo,Metro,1993,Mauv,1GYFK43868R946781,39631
823,Land Rover,Range Rover,1999,Crimson,3C6TD4DT0CG015845,90108
824,GMC,Sonoma,1994,Blue,1FTEW1CM0EF793469,97089
825,Toyota,Corolla,2012,Turquoise,KNADH4A38B6860087,8781
826,Buick,Park Avenue,1992,Blue,WBAET37412N617496,48044
827,Mercedes-Benz,G-Class,2003,Red,KMHEC4A40BA813479,8112
828,Chevrolet,Avalanche,2007,Crimson,WAUMF78K89A633932,67415
829,Porsche,928,1985,Green,19UYA41613A295040,16743
830,GMC,Yukon,1994,Orange,JN8AF5MR8DT410739,90175
831,Chevrolet,Metro,1998,Purple,WP0CB2A82FS658732,79866
832,GMC,Savana,2011,Orange,1G6KD57Y95U861881,16374
833,Mazda,Protege,1997,Pink,1G4GJ5G34CF558200,64913
834,Mazda,B-Series,2005,Khaki,JN1CV6AP0BM148757,52195
835,Maybach,57,2006,Orange,1FTEW1CFXFK606801,33258
836,Ferrari,612 Scaglietti,2007,Indigo,WAULC68E33A464421,4687
837,Volvo,960,1994,Fuscia,WAUEG94F46N102947,60346
838,Mitsubishi,Eclipse,1993,Violet,1G6DX67D560001987,8105
839,Nissan,Maxima,1997,Maroon,WAUVC58E64A064342,88488
840,Volvo,960,1995,Mauv,1G6DG577780903449,79088
841,Mercedes-Benz,SLS-Class,2012,Crimson,SCBLF44J87C924977,6437
842,GMC,Envoy,2005,Fuscia,WA1CGAFP6FA735419,16098
843,Mitsubishi,Tredia,1987,Teal,5XYKT3A19BG179631,68222
844,MINI,Cooper,2010,Orange,WA1DGAFE2FD920603,7286
845,Hyundai,Accent,2005,Violet,4T1BK3DB1AU283689,93345
846,Pontiac,Tempest,1966,Aquamarine,WAUFFAFL7FA476956,8464
847,Mazda,CX-7,2007,Maroon,JN8AZ1MU0CW597086,30562
848,Volkswagen,Jetta,2012,Goldenrod,3GYEK62877G575959,56113
849,Maybach,62,2012,Puce,WAUBF98E58A721686,71963
850,Plymouth,Sundance,1992,Maroon,WAURMAFDXEN100156,45729
851,Plymouth,Breeze,1997,Orange,WVGFG9BP1BD814587,6791
852,Honda,Civic,1991,Maroon,1G6AB5R37D0124705,20419
853,Hyundai,Accent,2005,Teal,3GYFNCE33ES655408,68264
854,Mercedes-Benz,M-Class,2009,Turquoise,5TDBK3EH1BS507962,66792
855,Toyota,Tacoma,1995,Puce,1N6AF0LX2FN284221,91887
856,Chrysler,Town & Country,2006,Orange,5TDDW5G15FS066304,12623
857,Chevrolet,Corvette,1985,Teal,3D7TT2CT7AG474665,10948
858,Mercury,Capri,1985,Green,SCBFU7ZA5FC751933,52802
859,Mercedes-Benz,300D,1992,Purple,KMHCT4AE1EU759905,89107
860,Honda,Passport,2001,Fuscia,WDDEJ7GB8BA516919,93038
861,Nissan,Murano,2011,Orange,WBA5B3C50ED558517,7429
862,Mazda,Tribute,2009,Maroon,JA32X8HWXCU644144,51739
863,Land Rover,LR2,2012,Turquoise,1G6DV5EP7D0657408,42419
864,Dodge,Magnum,2008,Indigo,JTEBU4BF5EK975400,93037
865,Buick,LeSabre,2000,Indigo,2G4GT5GK2C9826185,68395
866,Audi,R8,2010,Teal,WAULFAFR6EA467915,71069
867,Audi,S6,2011,Maroon,WBANN73546C882852,5062
868,Audi,A6,2005,Aquamarine,2G4GL5EX6E9702695,51393
869,Lexus,ES,2011,Puce,WVGAV7AX0FW956395,87079
870,Ford,Expedition,2011,Goldenrod,3G5DA03L66S071023,50782
871,Dodge,Neon,2000,Indigo,19UUA8F74DA656494,44080
872,Mercedes-Benz,300CE,1993,Teal,WAUGL78E85A598027,12992
873,Hyundai,Elantra,2013,Red,WP0CA2A86FS573749,99235
874,Suzuki,Daewoo Lacetti,2006,Maroon,1G6AB5RX2F0787217,24253
875,Scion,tC,2009,Blue,1C4NJPBA3CD260925,51512
876,Chevrolet,3500,1996,Mauv,1GD21ZCG0DZ077886,7715
877,Pontiac,Grand Prix,1991,Aquamarine,5UXFG8C57EL268883,25732
878,Mitsubishi,Truck,1991,Green,WAUDF78E56A208450,85983
879,Pontiac,Grand Am,1995,Blue,19UUA8F35DA841053,84030
880,Chevrolet,Camaro,1967,Turquoise,1GD02ZCGXDZ570494,32631
881,BMW,X5 M,2011,Goldenrod,2HNYD28758H626326,37900
882,Chevrolet,3500,1996,Yellow,WBAEV33482P757887,9655
883,Toyota,MR2,2000,Crimson,ML32A3HJ2EH193557,42627
884,Volkswagen,Jetta,1990,Orange,1G6KP5E96AU769169,90679
885,Oldsmobile,98,1992,Goldenrod,JN1BJ0HR5DM129703,14063
886,Volkswagen,Eos,2009,Orange,WAUDFAFLXBA133219,6496
887,Dodge,Charger,1968,Aquamarine,WBSCL93411L707026,21924
888,Jeep,Compass,2010,Blue,3VW467AT4DM441499,80409
889,GMC,Envoy XUV,2005,Crimson,2B3CJ7DJXBH960528,47463
890,Ford,F-350 Super Duty,2006,Orange,WAUSF78E76A539229,26179
891,GMC,Envoy,2009,Blue,KMHFC4DD3AA330440,57575
892,Jeep,Commander,2010,Pink,3C4PDCEG3ET299424,44130
893,Isuzu,Trooper,1995,Mauv,1G6EC129X2B106349,92384
894,Ford,E250,2012,Red,WAUVT58E45A494680,88093
895,Ford,Club Wagon,1996,Yellow,WBAFR9C55CD507630,81217
896,Audi,S8,2002,Yellow,2T1BURHEXEC907420,25561
897,Pontiac,Firebird,1994,Khaki,1GYS3MKJ8FR836960,7475
898,Suzuki,XL7,2007,Fuscia,1FTWW3A53AE799164,61052
899,Dodge,Ram Van B350,1992,Orange,WDDPK4HAXCF497014,74955
900,Mercedes-Benz,CLS-Class,2010,Aquamarine,1G6AT5S30E0617991,13398
901,Lexus,RX,2006,Mauv,2G4WS55J851532400,34920
902,Volkswagen,Type 2,1986,Pink,3GYFNCE35CS316212,19849
903,Toyota,Tacoma,2005,Yellow,JTDKDTB30F1049241,99100
904,Lexus,LS,1989,Green,5UXFA13505L578611,9593
905,GMC,Vandura 3500,1994,Yellow,3VW4T7AT5EM672678,39513
906,Toyota,4Runner,2001,Fuscia,KNAFX6A8XE5740336,33857
907,Mercedes-Benz,M-Class,2007,Indigo,JA32X8HW0AU290048,99814
908,Volvo,V40,2000,Crimson,WAUWMAFC3EN210461,93692
909,Suzuki,Daewoo Lacetti,2008,Green,WAUJC58E25A456332,26789
910,Acura,ZDX,2012,Red,2LMHJ5AT2FB486257,24898
911,Lexus,LX,2009,Violet,5GADV23L85D669204,63490
912,Cadillac,DeVille,2000,Fuscia,1C4RDHEG4DC325027,43242
913,Toyota,Celica,2005,Green,WAUDK78T48A555782,53961
914,Lotus,Esprit,1999,Violet,1G6DE8EGXA0789205,23793
915,Subaru,Impreza,2005,Purple,SCFBB03B87G475530,4003
916,Plymouth,Colt Vista,1993,Orange,2C3CDYAG7DH465599,67304
917,GMC,Yukon XL 2500,2010,Purple,1N6AF0LX2EN167253,56937
918,Chevrolet,Silverado 3500HD,2006,Turquoise,3D4PG5FV4AT010502,52394
919,Chevrolet,Corvette,1965,Blue,1ZVBP8AN1A5548393,60898
920,Ford,Crown Victoria,1994,Mauv,WA1LMBFE5ED970243,36900
921,Acura,TL,2009,Teal,JN8AF5MV5FT402520,34988
922,Chevrolet,Silverado 3500,2010,Teal,WAUFMAFC9FN098900,22365
923,Ford,Explorer Sport Trac,2003,Indigo,WDDGF4HB6DF016805,337
924,Nissan,300ZX,1994,Green,2C3CDYAGXDH295920,4023
925,Volkswagen,Passat,2002,Yellow,WAUBC48H15K389287,79743
926,Audi,TT,2001,Violet,1G4GE5GV1AF209417,58440
927,GMC,Vandura 1500,1993,Blue,WBAWL13589P950137,97093
928,Mercury,Topaz,1993,Goldenrod,1FTEW1C83AF040015,81215
929,Pontiac,Tempest,1961,Pink,WAUWFAFH1EN197926,20689
930,Kia,Carens,2007,Aquamarine,JTHBL5EF1E5828108,44082
931,Suzuki,Samurai,1993,Green,3GYFK22249G900966,2034
932,GMC,Savana 2500,2010,Mauv,WAULC68E75A438195,60919
933,Plymouth,Voyager,2000,Mauv,JN1CV6FE4FM585657,81718
934,Volkswagen,Jetta III,1993,Turquoise,1G6DL8EY7B0104495,25305
935,Cadillac,SRX,2004,Aquamarine,1J4AA2D12BL798481,19071
936,Chevrolet,Express 3500,2003,Violet,WVWAP7AN5DE040263,35119
937,Mercedes-Benz,SLK-Class,2002,Yellow,WDDGF4HB5DG577149,27558
938,Jeep,Patriot,2011,Pink,WUADUAFG8F7574929,20697
939,Panoz,Esperante,2005,Goldenrod,1G6AF5SX9D0403557,17056
940,BMW,3 Series,1993,Blue,WAUJFAFH8EN495710,38890
941,Toyota,Yaris,2012,Purple,W04GX5GV3B1943239,30045
942,Acura,Integra,1988,Aquamarine,KMHFC4DF8AA941372,90508
943,Ferrari,458 Italia,2012,Orange,JN8AF5MR3FT362294,12294
944,Chevrolet,Malibu,2007,Aquamarine,1GT3C0BG1AF382424,9445
945,Toyota,Matrix,2004,Puce,WBAWC33538P077987,33289
946,Ford,Crown Victoria,2011,Green,WVWAA7AJ3BW530805,18293
947,BMW,645,2004,Fuscia,1GYS3CEF7CR499288,62804
948,Acura,TSX,2010,Khaki,WAUAC68D01A384733,12213
949,Volkswagen,Passat,1995,Puce,WBANU53559B999597,66859
950,Chevrolet,Express,2008,Orange,WAUKFAFL1DA498155,98719
951,Dodge,Ram 3500,1996,Turquoise,WAUVFAFR3BA222848,80750
952,Plymouth,Sundance,1992,Yellow,JH4CL958X8C303920,93073
953,BMW,M3,2002,Aquamarine,JTEBU5JR3B5772534,34166
954,Chevrolet,S10,2002,Turquoise,4JGDF2EE4FA570078,14646
955,GMC,Savana 3500,1999,Orange,1GYEC63878R144356,54014
956,Lincoln,MKX,2011,Fuscia,5J6TF1H30EL080271,74785
957,Jaguar,XK,2008,Khaki,WAUFGBFB9BN955392,46663
958,Mazda,Familia,1990,Indigo,WBA3B9C5XFF870490,17088
959,Mazda,MPV,2002,Fuscia,1D7RE3GK9BS229341,86461
960,Porsche,Cayenne,2011,Pink,1G4HA5EM7AU176302,27440
961,Cadillac,Allante,1993,Yellow,5TFCY5F16CX227451,78191
962,MINI,Clubman,2008,Puce,WAULC68E42A477662,96330
963,Chevrolet,Silverado 2500,2003,Red,WP0CB2A89CS201296,80412
964,Lexus,ES,2008,Crimson,1GYS4CEF6DR328501,8108
965,Audi,A8,2005,Aquamarine,19UYA42401A054788,807
966,Chevrolet,Caprice,1983,Fuscia,1G6DL1E3XC0774085,82837
967,GMC,Sonoma Club Coupe,1993,Turquoise,1FTEW1CM6CF201120,86615
968,Volvo,960,1992,Maroon,WAUKH94F37N307659,46728
969,Dodge,Viper,2005,Violet,2C3CA9CT6AH239185,75006
970,Ford,Windstar,2003,Aquamarine,JN1CV6FE6EM258353,96202
971,Mazda,B-Series,2002,Goldenrod,JN1CV6EK8FM012963,17590
972,Chrysler,Voyager,2003,Yellow,1G6DJ1E35C0201312,51702
973,Audi,200,1989,Mauv,WBA3V7C54EJ991006,88053
974,Dodge,Caravan,2008,Puce,WBAUT93549A118884,9457
975,Buick,Century,1998,Aquamarine,YV4902BZ4C1082258,64737
976,Mercedes-Benz,R-Class,2011,Purple,1FM5K7B88FG573555,74556
977,Chevrolet,Express 1500,2003,Crimson,WAUAFAFH5DN892130,32638
978,Cadillac,DTS,2006,Red,JTDZN3EU4FJ830702,54391
979,Volkswagen,Corrado,1991,Teal,1N6AF0LX4EN753257,20625
980,Chevrolet,Suburban 2500,2008,Goldenrod,JN8AF5MR7CT041435,95456
981,Buick,Regal,1997,Pink,WA1EY94L09D208192,97290
982,Honda,CR-V,2012,Mauv,1G6AX5S32F0256866,66164
983,Eagle,Talon,1990,Khaki,SCBBB7ZH3BC827435,2053
984,Ford,Model T,1909,Aquamarine,WAUHGAFC7DN776976,97075
985,Suzuki,Equator,2010,Khaki,1FMJK1G5XAE874651,33143
986,Mitsubishi,Pajero,1995,Mauv,2HNYD28259H271244,85661
987,Ford,E250,2006,Turquoise,WAUVT58E85A885525,38444
988,Chevrolet,Sportvan G30,1995,Turquoise,4A31K5DFXCE709923,2198
989,Infiniti,Q,1993,Yellow,19UUA56992A362604,7421
990,Chevrolet,Tracker,2002,Mauv,WBAVL1C53DV529149,37085
991,Ferrari,612 Scaglietti,2008,Blue,WBAKG7C55CE404131,8171
992,Mazda,MPV,2003,Aquamarine,1G6DM57N240049004,36216
993,Acura,RL,2002,Mauv,19UUA75588A295092,29612
994,Merkur,XR4Ti,1985,Mauv,19UUA56663A470671,51544
995,BMW,600,1957,Goldenrod,WBANW13519C342146,53321
996,Toyota,Corolla,2008,Violet,1G4GH5E35DF590282,7688
997,Kia,Sportage,1998,Mauv,19XFB4F36EE390226,19208
998,Nissan,Frontier,2004,Maroon,WBAYA8C59FG039575,82814
999,Lexus,SC,1992,Orange,1N6AA0CJ1FN530606,95119
1000,Dodge,Dakota,1996,Puce,WAUHF78P07A729256,19345
